Geography,Gender,customers,churned,churn_rate
Germany,Female,1193,448,0.3755238893545683
Germany,Male,1316,366,0.27811550151975684
Spain,Female,1089,231,0.21212121212121213
France,Female,2261,460,0.2034498009730208
Spain,Male,1388,182,0.13112391930835735
France,Male,2753,350,0.12713403559752998
