TenureBand,customers,churned,churn_rate
0–1,1448,327,0.22582872928176795
2–4,3046,617,0.2025607353906763
5–7,3007,582,0.1935483870967742
8–10,2499,511,0.20448179271708683
